<metadata xml:lang="en"><Esri><CreaDate>20250203</CreaDate><CreaTime>23583200</CreaTime><ArcGISFormat>1.0</ArcGISFormat><SyncOnce>FALSE</SyncOnce><DataProperties><lineage><Process ToolSource="c:\users\kelechi\appdata\local\programs\arcgis\pro\Resources\ArcToolbox\toolboxes\Data Management Tools.tbx\Project" Date="20250203" Time="235832">Project tl_2023_us_county "C:\Users\kelechi\OneDrive - Kansas State University\Desktop\Research Resources\Conferences\NASA_DEVELOP\Data\Texas_and_Georgia_Ag\Texas_and_Georgia_Ag.gdb\US_counties_WGS84" GEOGCS["GCS_WGS_1984",DATUM["D_WGS_1984",SPHEROID["WGS_1984",6378137.0,298.257223563]],PRIMEM["Greenwich",0.0],UNIT["Degree",0.0174532925199433]] WGS_1984_(ITRF00)_To_NAD_1983 GEOGCS["GCS_North_American_1983",DATUM["D_North_American_1983",SPHEROID["GRS_1980",6378137.0,298.257222101]],PRIMEM["Greenwich",0.0],UNIT["Degree",0.0174532925199433]] NO_PRESERVE_SHAPE # NO_VERTICAL</Process><Process ToolSource="c:\users\kelechi\appdata\local\programs\arcgis\pro\Resources\ArcToolbox\toolboxes\Data Management Tools.tbx\CopyFeatures" Date="20250204" Time="013656">CopyFeatures counties_layer "C:\Users\kelechi\OneDrive - Kansas State University\Desktop\Research Resources\Conferences\NASA_DEVELOP\Data\Texas_and_Georgia_Ag\Texas_and_Georgia_Ag.gdb\Texas_and_Georgia_counties_WGS84" # # # #</Process><Process ToolSource="c:\users\kelechi\appdata\local\programs\arcgis\pro\Resources\ArcToolbox\toolboxes\Conversion Tools.tbx\ExportFeatures" Date="20250217" Time="165140">ExportFeatures Georgia_districts "C:\Users\kelechi\OneDrive - Kansas State University\Desktop\Research Resources\Conferences\NASA_DEVELOP\Data\Shapefiles\Texas_and_Georgia_Ag\Texas_and_Georgia_Ag.gdb\Georgia_districts" # NOT_USE_ALIAS "STATEFP "STATEFP" true true false 2 Text 0 0,First,#,Georgia_districts,STATEFP,0,2;COUNTYFP "COUNTYFP" true true false 3 Text 0 0,First,#,Georgia_districts,COUNTYFP,0,3;COUNTYNS "COUNTYNS" true true false 8 Text 0 0,First,#,Georgia_districts,COUNTYNS,0,8;GEOID "GEOID" true true false 5 Text 0 0,First,#,Georgia_districts,GEOID,0,5;GEOIDFQ "GEOIDFQ" true true false 14 Text 0 0,First,#,Georgia_districts,GEOIDFQ,0,14;NAME "NAME" true true false 100 Text 0 0,First,#,Georgia_districts,NAME,0,100;NAMELSAD "NAMELSAD" true true false 100 Text 0 0,First,#,Georgia_districts,NAMELSAD,0,100;LSAD "LSAD" true true false 2 Text 0 0,First,#,Georgia_districts,LSAD,0,2;CLASSFP "CLASSFP" true true false 2 Text 0 0,First,#,Georgia_districts,CLASSFP,0,2;MTFCC "MTFCC" true true false 5 Text 0 0,First,#,Georgia_districts,MTFCC,0,5;CSAFP "CSAFP" true true false 3 Text 0 0,First,#,Georgia_districts,CSAFP,0,3;CBSAFP "CBSAFP" true true false 5 Text 0 0,First,#,Georgia_districts,CBSAFP,0,5;METDIVFP "METDIVFP" true true false 5 Text 0 0,First,#,Georgia_districts,METDIVFP,0,5;FUNCSTAT "FUNCSTAT" true true false 1 Text 0 0,First,#,Georgia_districts,FUNCSTAT,0,1;ALAND "ALAND" true true false 8 Double 0 0,First,#,Georgia_districts,ALAND,-1,-1;AWATER "AWATER" true true false 8 Double 0 0,First,#,Georgia_districts,AWATER,-1,-1;INTPTLAT "INTPTLAT" true true false 11 Text 0 0,First,#,Georgia_districts,INTPTLAT,0,11;INTPTLON "INTPTLON" true true false 12 Text 0 0,First,#,Georgia_districts,INTPTLON,0,12;Shape_Length "Shape_Length" false true true 8 Double 0 0,First,#,Georgia_districts,Shape_Length,-1,-1;Shape_Area "Shape_Area" false true true 8 Double 0 0,First,#,Georgia_districts,Shape_Area,-1,-1" #</Process><Process ToolSource="c:\users\kelechi\appdata\local\programs\arcgis\pro\Resources\ArcToolbox\toolboxes\Conversion Tools.tbx\ExportFeatures" Date="20250218" Time="213450">ExportFeatures Georgia_districts "C:\Users\kelechi\OneDrive - Kansas State University\Desktop\Research Resources\Conferences\NASA_DEVELOP\Data\Shapefiles\georgia_districts\georgia_districts.shp" # NOT_USE_ALIAS "STATEFP "STATEFP" true true false 2 Text 0 0,First,#,Georgia_districts,STATEFP,0,2;COUNTYFP "COUNTYFP" true true false 3 Text 0 0,First,#,Georgia_districts,COUNTYFP,0,3;COUNTYNS "COUNTYNS" true true false 8 Text 0 0,First,#,Georgia_districts,COUNTYNS,0,8;GEOID "GEOID" true true false 5 Text 0 0,First,#,Georgia_districts,GEOID,0,5;GEOIDFQ "GEOIDFQ" true true false 14 Text 0 0,First,#,Georgia_districts,GEOIDFQ,0,14;NAME "NAME" true true false 100 Text 0 0,First,#,Georgia_districts,NAME,0,100;NAMELSAD "NAMELSAD" true true false 100 Text 0 0,First,#,Georgia_districts,NAMELSAD,0,100;LSAD "LSAD" true true false 2 Text 0 0,First,#,Georgia_districts,LSAD,0,2;CLASSFP "CLASSFP" true true false 2 Text 0 0,First,#,Georgia_districts,CLASSFP,0,2;MTFCC "MTFCC" true true false 5 Text 0 0,First,#,Georgia_districts,MTFCC,0,5;CSAFP "CSAFP" true true false 3 Text 0 0,First,#,Georgia_districts,CSAFP,0,3;CBSAFP "CBSAFP" true true false 5 Text 0 0,First,#,Georgia_districts,CBSAFP,0,5;METDIVFP "METDIVFP" true true false 5 Text 0 0,First,#,Georgia_districts,METDIVFP,0,5;FUNCSTAT "FUNCSTAT" true true false 1 Text 0 0,First,#,Georgia_districts,FUNCSTAT,0,1;ALAND "ALAND" true true false 8 Double 0 0,First,#,Georgia_districts,ALAND,-1,-1;AWATER "AWATER" true true false 8 Double 0 0,First,#,Georgia_districts,AWATER,-1,-1;INTPTLAT "INTPTLAT" true true false 11 Text 0 0,First,#,Georgia_districts,INTPTLAT,0,11;INTPTLON "INTPTLON" true true false 12 Text 0 0,First,#,Georgia_districts,INTPTLON,0,12;Shape_Length "Shape_Length" false true true 8 Double 0 0,First,#,Georgia_districts,Shape_Length,-1,-1;Shape_Area "Shape_Area" false true true 8 Double 0 0,First,#,Georgia_districts,Shape_Area,-1,-1" #</Process></lineage><itemProps><itemName Sync="TRUE">georgia_districts</itemName><imsContentType Sync="TRUE">002</imsContentType><itemLocation><linkage Sync="TRUE">file://\\ENGG-BAE1170\C$\Users\kelechi\OneDrive - Kansas State University\Desktop\Research Resources\Conferences\NASA_DEVELOP\Data\Shapefiles\georgia_districts\georgia_districts.shp</linkage><protocol Sync="TRUE">Local Area Network</protocol></itemLocation><itemSize Sync="TRUE">0.000</itemSize></itemProps><coordRef><type Sync="TRUE">Geographic</type><geogcsn Sync="TRUE">GCS_WGS_1984</geogcsn><csUnits Sync="TRUE">Angular Unit: Degree (0.017453)</csUnits><peXml Sync="TRUE">&lt;GeographicCoordinateSystem xsi:type='typens:GeographicCoordinateSystem' xmlns:xsi='http://www.w3.org/2001/XMLSchema-instance' xmlns:xs='http://www.w3.org/2001/XMLSchema' xmlns:typens='http://www.esri.com/schemas/ArcGIS/3.1.0'&gt;&lt;WKT&gt;GEOGCS[&amp;quot;GCS_WGS_1984&amp;quot;,DATUM[&amp;quot;D_WGS_1984&amp;quot;,SPHEROID[&amp;quot;WGS_1984&amp;quot;,6378137.0,298.257223563]],PRIMEM[&amp;quot;Greenwich&amp;quot;,0.0],UNIT[&amp;quot;Degree&amp;quot;,0.0174532925199433],AUTHORITY[&amp;quot;EPSG&amp;quot;,4326]]&lt;/WKT&gt;&lt;XOrigin&gt;-400&lt;/XOrigin&gt;&lt;YOrigin&gt;-400&lt;/YOrigin&gt;&lt;XYScale&gt;11258999068426.238&lt;/XYScale&gt;&lt;ZOrigin&gt;-100000&lt;/ZOrigin&gt;&lt;ZScale&gt;10000&lt;/ZScale&gt;&lt;MOrigin&gt;-100000&lt;/MOrigin&gt;&lt;MScale&gt;10000&lt;/MScale&gt;&lt;XYTolerance&gt;8.983152841195215e-09&lt;/XYTolerance&gt;&lt;ZTolerance&gt;0.001&lt;/ZTolerance&gt;&lt;MTolerance&gt;0.001&lt;/MTolerance&gt;&lt;HighPrecision&gt;true&lt;/HighPrecision&gt;&lt;LeftLongitude&gt;-180&lt;/LeftLongitude&gt;&lt;WKID&gt;4326&lt;/WKID&gt;&lt;LatestWKID&gt;4326&lt;/LatestWKID&gt;&lt;/GeographicCoordinateSystem&gt;</peXml></coordRef></DataProperties><SyncDate>20250218</SyncDate><SyncTime>21345000</SyncTime><ModDate>20250218</ModDate><ModTime>21345000</ModTime></Esri><dataIdInfo><envirDesc Sync="TRUE">Microsoft Windows 10 Version 10.0 (Build 22631) ; Esri ArcGIS 13.1.2.41833</envirDesc><dataLang><languageCode value="eng" Sync="TRUE"></languageCode><countryCode value="USA" Sync="TRUE"></countryCode></dataLang><idCitation><resTitle Sync="TRUE">georgia_districts</resTitle><presForm><PresFormCd value="005" Sync="TRUE"></PresFormCd></presForm></idCitation><spatRpType><SpatRepTypCd value="001" Sync="TRUE"></SpatRepTypCd></spatRpType></dataIdInfo><mdLang><languageCode value="eng" Sync="TRUE"></languageCode><countryCode value="USA" Sync="TRUE"></countryCode></mdLang><distInfo><distFormat><formatName Sync="TRUE">Shapefile</formatName></distFormat><distTranOps><transSize Sync="TRUE">0.000</transSize></distTranOps></distInfo><mdHrLv><ScopeCd value="005" Sync="TRUE"></ScopeCd></mdHrLv><mdHrLvName Sync="TRUE">dataset</mdHrLvName><refSysInfo><RefSystem><refSysID><identCode code="4326" Sync="TRUE"></identCode><idCodeSpace Sync="TRUE">EPSG</idCodeSpace><idVersion Sync="TRUE">6.2(3.0.1)</idVersion></refSysID></RefSystem></refSysInfo><spatRepInfo><VectSpatRep><geometObjs Name="georgia_districts"><geoObjTyp><GeoObjTypCd value="002" Sync="TRUE"></GeoObjTypCd></geoObjTyp><geoObjCnt Sync="TRUE">0</geoObjCnt></geometObjs><topLvl><TopoLevCd value="001" Sync="TRUE"></TopoLevCd></topLvl></VectSpatRep></spatRepInfo><spdoinfo><ptvctinf><esriterm Name="georgia_districts"><efeatyp Sync="TRUE">Simple</efeatyp><efeageom code="4" Sync="TRUE"></efeageom><esritopo Sync="TRUE">FALSE</esritopo><efeacnt Sync="TRUE">0</efeacnt><spindex Sync="TRUE">FALSE</spindex><linrefer Sync="TRUE">FALSE</linrefer></esriterm></ptvctinf></spdoinfo><eainfo><detailed Name="georgia_districts"><enttyp><enttypl Sync="TRUE">georgia_districts</enttypl><enttypt Sync="TRUE">Feature Class</enttypt><enttypc Sync="TRUE">0</enttypc></enttyp><attr><attrlabl Sync="TRUE">FID</attrlabl><attalias Sync="TRUE">FID</attalias><attrtype Sync="TRUE">OID</attrtype><attwidth Sync="TRUE">4</attwidth><atprecis Sync="TRUE">0</atprecis><attscale Sync="TRUE">0</attscale><attrdef Sync="TRUE">Internal feature number.</attrdef><attrdefs Sync="TRUE">Esri</attrdefs><attrdomv><udom Sync="TRUE">Sequential unique whole numbers that are automatically generated.</udom></attrdomv></attr><attr><attrlabl Sync="TRUE">Shape</attrlabl><attalias Sync="TRUE">Shape</attalias><attrtype Sync="TRUE">Geometry</attrtype><attwidth Sync="TRUE">0</attwidth><atprecis Sync="TRUE">0</atprecis><attscale Sync="TRUE">0</attscale><attrdef Sync="TRUE">Feature geometry.</attrdef><attrdefs Sync="TRUE">Esri</attrdefs><attrdomv><udom Sync="TRUE">Coordinates defining the features.</udom></attrdomv></attr><attr><attrlabl Sync="TRUE">STATEFP</attrlabl><attalias Sync="TRUE">STATEFP</attalias><attrtype Sync="TRUE">String</attrtype><attwidth Sync="TRUE">2</attwidth><atprecis Sync="TRUE">0</atprecis><attscale Sync="TRUE">0</attscale></attr><attr><attrlabl Sync="TRUE">COUNTYFP</attrlabl><attalias Sync="TRUE">COUNTYFP</attalias><attrtype Sync="TRUE">String</attrtype><attwidth Sync="TRUE">3</attwidth><atprecis Sync="TRUE">0</atprecis><attscale Sync="TRUE">0</attscale></attr><attr><attrlabl Sync="TRUE">COUNTYNS</attrlabl><attalias Sync="TRUE">COUNTYNS</attalias><attrtype Sync="TRUE">String</attrtype><attwidth Sync="TRUE">8</attwidth><atprecis Sync="TRUE">0</atprecis><attscale Sync="TRUE">0</attscale></attr><attr><attrlabl Sync="TRUE">GEOID</attrlabl><attalias Sync="TRUE">GEOID</attalias><attrtype Sync="TRUE">String</attrtype><attwidth Sync="TRUE">5</attwidth><atprecis Sync="TRUE">0</atprecis><attscale Sync="TRUE">0</attscale></attr><attr><attrlabl Sync="TRUE">GEOIDFQ</attrlabl><attalias Sync="TRUE">GEOIDFQ</attalias><attrtype Sync="TRUE">String</attrtype><attwidth Sync="TRUE">14</attwidth><atprecis Sync="TRUE">0</atprecis><attscale Sync="TRUE">0</attscale></attr><attr><attrlabl Sync="TRUE">NAME</attrlabl><attalias Sync="TRUE">NAME</attalias><attrtype Sync="TRUE">String</attrtype><attwidth Sync="TRUE">100</attwidth><atprecis Sync="TRUE">0</atprecis><attscale Sync="TRUE">0</attscale></attr><attr><attrlabl Sync="TRUE">NAMELSAD</attrlabl><attalias Sync="TRUE">NAMELSAD</attalias><attrtype Sync="TRUE">String</attrtype><attwidth Sync="TRUE">100</attwidth><atprecis Sync="TRUE">0</atprecis><attscale Sync="TRUE">0</attscale></attr><attr><attrlabl Sync="TRUE">LSAD</attrlabl><attalias Sync="TRUE">LSAD</attalias><attrtype Sync="TRUE">String</attrtype><attwidth Sync="TRUE">2</attwidth><atprecis Sync="TRUE">0</atprecis><attscale Sync="TRUE">0</attscale></attr><attr><attrlabl Sync="TRUE">CLASSFP</attrlabl><attalias Sync="TRUE">CLASSFP</attalias><attrtype Sync="TRUE">String</attrtype><attwidth Sync="TRUE">2</attwidth><atprecis Sync="TRUE">0</atprecis><attscale Sync="TRUE">0</attscale></attr><attr><attrlabl Sync="TRUE">MTFCC</attrlabl><attalias Sync="TRUE">MTFCC</attalias><attrtype Sync="TRUE">String</attrtype><attwidth Sync="TRUE">5</attwidth><atprecis Sync="TRUE">0</atprecis><attscale Sync="TRUE">0</attscale></attr><attr><attrlabl Sync="TRUE">CSAFP</attrlabl><attalias Sync="TRUE">CSAFP</attalias><attrtype Sync="TRUE">String</attrtype><attwidth Sync="TRUE">3</attwidth><atprecis Sync="TRUE">0</atprecis><attscale Sync="TRUE">0</attscale></attr><attr><attrlabl Sync="TRUE">CBSAFP</attrlabl><attalias Sync="TRUE">CBSAFP</attalias><attrtype Sync="TRUE">String</attrtype><attwidth Sync="TRUE">5</attwidth><atprecis Sync="TRUE">0</atprecis><attscale Sync="TRUE">0</attscale></attr><attr><attrlabl Sync="TRUE">METDIVFP</attrlabl><attalias Sync="TRUE">METDIVFP</attalias><attrtype Sync="TRUE">String</attrtype><attwidth Sync="TRUE">5</attwidth><atprecis Sync="TRUE">0</atprecis><attscale Sync="TRUE">0</attscale></attr><attr><attrlabl Sync="TRUE">FUNCSTAT</attrlabl><attalias Sync="TRUE">FUNCSTAT</attalias><attrtype Sync="TRUE">String</attrtype><attwidth Sync="TRUE">1</attwidth><atprecis Sync="TRUE">0</atprecis><attscale Sync="TRUE">0</attscale></attr><attr><attrlabl Sync="TRUE">ALAND</attrlabl><attalias Sync="TRUE">ALAND</attalias><attrtype Sync="TRUE">Double</attrtype><attwidth Sync="TRUE">19</attwidth><atprecis Sync="TRUE">0</atprecis><attscale Sync="TRUE">0</attscale></attr><attr><attrlabl Sync="TRUE">AWATER</attrlabl><attalias Sync="TRUE">AWATER</attalias><attrtype Sync="TRUE">Double</attrtype><attwidth Sync="TRUE">19</attwidth><atprecis Sync="TRUE">0</atprecis><attscale Sync="TRUE">0</attscale></attr><attr><attrlabl Sync="TRUE">INTPTLAT</attrlabl><attalias Sync="TRUE">INTPTLAT</attalias><attrtype Sync="TRUE">String</attrtype><attwidth Sync="TRUE">11</attwidth><atprecis Sync="TRUE">0</atprecis><attscale Sync="TRUE">0</attscale></attr><attr><attrlabl Sync="TRUE">INTPTLON</attrlabl><attalias Sync="TRUE">INTPTLON</attalias><attrtype Sync="TRUE">String</attrtype><attwidth Sync="TRUE">12</attwidth><atprecis Sync="TRUE">0</atprecis><attscale Sync="TRUE">0</attscale></attr><attr><attrlabl Sync="TRUE">Shape_Leng</attrlabl><attalias Sync="TRUE">Shape_Leng</attalias><attrtype Sync="TRUE">Double</attrtype><attwidth Sync="TRUE">19</attwidth><atprecis Sync="TRUE">0</atprecis><attscale Sync="TRUE">0</attscale></attr><attr><attrlabl Sync="TRUE">Shape_Area</attrlabl><attalias Sync="TRUE">Shape_Area</attalias><attrtype Sync="TRUE">Double</attrtype><attwidth Sync="TRUE">19</attwidth><atprecis Sync="TRUE">0</atprecis><attscale Sync="TRUE">0</attscale><attrdef Sync="TRUE">Area of feature in internal units squared.</attrdef><attrdefs Sync="TRUE">Esri</attrdefs><attrdomv><udom Sync="TRUE">Positive real numbers that are automatically generated.</udom></attrdomv></attr></detailed></eainfo><mdDateSt Sync="TRUE">20250218</mdDateSt></metadata>
